,mean_x,median_x,stddev_x,mean_y,median_y,stddev_y,mean_z,median_z,stddev_z,labels
0,3.246567205076056,0.8215708479035913,2.064302534849758,-1.5000740505229382,1.739656561289877,2.2476677282290636,11.598670716375668,1.6092080463230403,2.1569796273596267,1.0
1,0.7730626827208238,0.6688682373171195,1.2418271210730105,-1.925365156179122,0.8556339005541955,1.216763488927037,11.628677598905702,0.7688911568526917,1.0925732650958104,1.0
2,-2.517779226510765,1.0692618317244316,1.3407577752398256,0.9536531138544568,1.1372777138168217,2.1913756726729106,9.759030605155912,0.8383534297065616,1.2942549766297087,1.0
3,-0.8998974180390269,0.7723818506263936,1.142093799504036,-0.04140985355167464,0.5037400265308094,1.0639973651562846,9.869237355021816,1.0539148731163692,1.5954024228808532,0.0
4,-0.5308180598982888,0.28884438698717685,0.38219569168829753,-0.385433814094764,0.2664862652343092,0.38837636051942614,10.01602333612552,0.4307937390013423,0.5395815584766142,0.0
5,0.18313306659987488,0.17809146577213353,0.25666399138021534,-0.19654041053061205,0.1527126589056578,0.3054644041580085,10.103029155043352,0.19989909172040132,0.331190200104431,0.0
6,1.2202130274902063,0.5486187668262354,0.5608374373163109,-0.030943787527898056,0.1262814305841537,0.16946536497983825,9.733439678471896,0.18370156884169475,0.24241984895696467,0.0
7,-0.7765273998030835,0.6444342395549436,1.5832910830621278,1.631616624820842,1.2135693936182914,1.421647986776537,9.874065708424016,0.6970563401266663,1.0102771506224515,1.0
8,0.9256458024539472,1.0234510446703604,1.3947605113229773,1.8834789800625438,1.1218674295683435,1.3529115144457706,12.1862101117148,1.4347083584571516,1.7860100896749296,1.0
9,-0.592861549503691,1.7342870794023209,2.485966854367462,-2.0145134626079213,0.9162879022521369,1.4516895437482487,9.982683601287452,1.5436241047397843,2.7475948532627554,1.0
10,-0.8710695043074235,1.1642754512513824,2.422687773597749,-1.0404106515326625,1.564196501893016,2.7039542127934046,9.496893581341329,1.2630451748708662,2.381268303957856,1.0
11,3.000685717938885,0.5886707350257474,1.7330630226803985,2.1085604385798264,0.7830151533875758,1.3955911815937299,10.930061394200893,1.0759998583565027,1.9077057063566523,1.0
12,1.5711742253007566,1.7485404736299204,2.266182218394022,-1.0108167506966332,1.5294228949827267,2.242650168851753,12.235085204393107,1.752898973812072,2.836756093716643,1.0
13,-2.434393706863605,1.3354087004403805,2.256910882377803,-1.044351095029148,1.2164819542892713,1.688663104874161,9.763019178596942,1.1668148447805144,1.6065815429705752,1.0
14,3.4321092679277037,1.5336563611070968,2.5494705027956726,-0.31359414679005726,1.0758192227254728,1.6094800529013549,11.330113555957734,1.4895038286617321,2.1180268159685385,1.0
15,0.3345194909687209,1.164976265430062,1.8151750837618903,-0.9017056755283843,1.1021901581272058,1.755148903123938,12.19532714543022,0.7217119733876851,2.0442983679440925,1.0
16,-1.5825138118287425,0.6585778486442277,0.7641600288339581,-0.18079798489980775,0.5760852228494642,0.8740645427395463,10.602875811811291,0.6372685882862283,0.7942980494369078,1.0
17,-1.5690898974749803,1.2515572291642796,1.57188883087018,1.250140104337718,1.1365797097286807,1.7472491688492575,9.432796102337125,0.5573436273955599,0.815021909415218,1.0
18,0.015369336192410711,0.48026911395120253,0.7259704529165975,-0.7103177844446701,0.957845352136597,1.2132844746357376,9.571768978653951,0.8058665644074523,0.9756153054957936,0.0
19,-0.11775888527545669,0.2788208384214612,0.42348857654176564,-0.6567767564592679,0.5989077442470738,0.8398691847435896,9.631750552333802,0.5985543773306681,0.8270883255675329,0.0
20,-0.24908026041110484,0.6803034579257559,0.9379194606685386,-0.0029864584419238226,0.8839289696269459,1.2489423155776913,10.00640719906241,1.1833503012389084,1.682398228746271,0.0
21,-0.08678076866530382,0.7408611283134174,1.1001022204574746,0.17482671089273466,0.513821327882976,0.9605587640531068,9.638315551840034,0.7700577110416846,1.3630448534880737,0.0
22,-0.582171478949579,0.3789765146213615,0.6039842514157179,-0.1640254879606058,0.4363216163392805,0.7005255388064383,9.530446606671333,0.46837737284456615,0.6359527930413683,0.0
23,-0.8419823559603052,0.30569393195194816,0.5096576063113113,0.8660457073730268,0.6068747489045183,0.8010743823943852,9.908080348272126,0.5190183612321055,0.6621602730603403,0.0
24,0.545150217379648,0.47764889371937036,0.6695000370774995,0.21465531446841057,0.6163696009415804,0.9115590209452803,9.96007816629321,0.4514992341541211,0.579982359157994,0.0
25,1.0179029888196867,0.757524525909344,1.3930229986001044,1.0759998708960672,1.5022259637883897,1.7539214201025408,9.746885346520548,0.8439637533424857,1.6385251322504748,1.0
26,2.341774043726033,0.8759940255557712,1.5562200098114356,1.1256232912780195,0.961401910953628,1.7556255647675234,11.580981805117595,1.211859237846718,1.6210074512918218,1.0
27,-0.3642380733867235,1.3010670167908687,2.4728607929398425,-1.1317495448461534,1.6035274590906852,2.4722728714845745,10.446115733682381,1.9820106096212413,2.8638935433605175,1.0
28,-1.4023851951032609,1.3017107270794983,1.7888607728669952,-0.29198570413926755,1.3250244639650746,1.9544042686325747,10.343752501823296,1.1551429136835294,1.9241698149627497,1.0
29,-2.0293270297481047,1.4643611312211813,2.223732856133942,-0.8050611254859819,0.8095212736588118,1.379010526061292,9.004878383805732,1.1004202341483529,1.6309259706678894,1.0
30,3.5814306163939977,1.1788444373521418,1.9929538869803562,-0.585989783523414,1.0550044846999573,1.9810415863768482,11.413620776112525,1.5165371189182544,2.7950265653171393,1.0
31,0.7965571533975028,1.0964479005321848,2.07028797568453,-1.464384341311117,0.6630882560772466,1.720114184816217,12.127095368152391,0.9630914156340413,2.226944588484725,1.0
32,-1.0804506623577323,0.6979306997318346,0.9797767043838912,-0.9185550410727693,0.5281989045383284,0.800479012076635,11.276080074664822,0.5971760360747354,0.9345437280978882,1.0
33,-2.6600395408780333,0.5834526422427788,0.7931714636821203,2.695231020980108,0.5336391159157612,1.0718017767990118,9.033425588471191,0.44931557827266033,0.6574723226570568,1.0
34,-0.931885075598304,0.32699717608177137,0.6075700373074349,-0.16736101266668232,0.46200620575802354,1.0776528785296575,9.809419282137073,0.3009979445083637,0.44523790751202325,0.0
35,0.33372308839703807,0.1749444667455652,0.28750693084447493,-1.5682511472000409,0.34367000757210253,0.39364012479756894,9.468461857272322,0.12680475840111782,0.2069813567620822,0.0
36,0.19790154744011906,0.18248710704989893,0.5056389804394974,-0.3859364005247376,0.5444079561343942,1.1325157205425578,9.552766385775797,0.18418668387654513,0.39545007716931213,0.0
37,-3.183854697536309,0.9681018290991676,1.3685085808766784,0.06452278930946323,0.6924278057063646,1.0155797382934495,10.79667503129471,0.8043093020029106,1.0383733782599232,2.0
38,0.11525782155917452,0.8543638196074781,1.169509280379304,-0.8357690497594875,0.593248708896815,1.0853502019312617,11.58016376316833,1.015403672850553,1.6714277898024295,2.0
39,2.3644571802952346,0.6885300785592587,1.0217903874408687,0.5690976488242271,0.8996567054601028,1.1321045301835988,9.593753736470918,0.7321226585408898,1.0934374203421025,2.0
40,1.302875833259441,0.5949436525004588,1.323789852607444,0.8910529006068392,0.7869417010272501,1.4966526903415691,9.280518898836313,0.29354538480372927,0.5349271459405598,2.0
41,-0.5135649503135784,1.2592834755939997,1.4875931208740847,-3.6259711694355667,0.9387400580288894,1.4267784904932597,10.954528757104276,0.8802691622933096,1.2595339242683734,2.0
42,0.5162212208428553,0.8763645536202265,1.2037587955829003,1.678710996748488,1.0951441032579297,2.283462524779879,9.985423783559815,1.0371038405393662,1.3132211596710663,2.0
43,-0.28789039542526695,0.476743769410767,0.8157924054966722,1.1512499599851387,0.8217774347900906,1.412580060789635,9.47053346657752,0.5232597472943894,0.7851548868484015,2.0
44,2.667173997793384,1.0402438326262176,1.6710499005424342,-0.9750890193986906,0.7210596528257813,1.1807933267484279,10.161665582718813,1.2759061434695615,1.7252593631224236,2.0
45,0.8878394772666346,1.140033755387627,1.9451686192432032,1.6680213841707476,0.8882803525536689,1.1189785801802372,11.520564923380503,0.8039512134940523,1.4404612917706023,2.0
46,-0.6656203878564184,0.8935007471998198,1.229017368820431,-1.9446729541532244,1.703657678488564,1.9506711100064047,10.006304150191847,0.7482420508563195,1.262764392945138,2.0
47,0.1478451044353885,0.0724509298152798,0.5138350606905143,-0.41761428455991534,0.06639852766102135,1.0593521053280728,9.701571314451801,0.04504514448671326,0.6154875810061443,0.0
48,0.5494515817569835,0.1516852426430515,0.27997469079897347,0.24131053923711307,0.08037953966832224,0.12240230456609424,9.606399888962091,0.03367308475977815,0.056486638155740045,0.0
49,-0.6515132076767953,0.4486117408930781,1.7086476154466637,1.9247163510871952,1.295426441969151,1.9742377393684023,9.92549325448383,0.47114554086132454,1.9145387094502853,2.0
50,-1.7766154120732254,1.6996194545400913,2.035916329521556,1.02059872093873,1.6681321445052824,2.5738881177114,11.643827470342194,2.083586757305792,3.6718839543788726,2.0
51,1.6801746205445514,2.2276739506854146,3.1145723588283882,-1.600794988196942,1.2869479645707522,2.209191613979658,9.653349038275573,1.2272276736116998,1.956667341387944,2.0
52,0.3871667616041518,1.7291400618050483,2.6088614957077096,-0.47102524536214985,1.0477505152046405,1.4295675888411854,9.525746655204408,0.6878249996260752,1.232996799941872,2.0
53,-2.90694553524429,0.5685460295187481,1.277777161626976,-1.0255660722077364,0.9334510006217049,1.3719569160177743,11.309884599885942,0.9029211366341032,1.876863144469432,2.0
54,1.4398921332419499,1.3922220532638754,1.761051700734454,-0.5364228818949218,0.9449613077150002,1.1485476227074862,10.396301737220515,0.9480460232608454,1.5433466486903789,2.0
55,2.0315166703970235,0.3644373868829103,1.1447257776702786,0.8524869758255837,0.40047081144026353,0.8124605345736393,9.340544910796266,0.4155778528350602,0.5172439542998208,2.0
56,-0.5689686885401276,1.2768479209359214,1.5141006554784588,-3.3246333529189327,1.2622635065782837,1.7533226435689997,10.661133004888773,1.053563211689525,1.3708067329095686,2.0
57,0.49785004804323163,0.6393920844504583,1.2407461290430701,0.9233194908352121,1.589832050504143,2.1018830863791087,9.984773791052824,0.8099632086072655,1.4212714901592798,2.0
58,0.3100855066051212,0.4038348667528706,2.216378311288014,1.0296773458495516,0.6361189332782724,2.124929073033648,9.58925755617385,0.4579030601939875,0.727880829923947,2.0
59,-2.4346643904341265,1.7155647678736035,3.065536714607675,1.092258953291621,1.6453710124916778,1.872982523438001,9.50073941822075,1.1371515501598521,1.785277363198231,4.0
60,-0.3524612483824697,0.29229665218465767,0.8312966980698091,0.19813548131784986,0.23429760568651894,0.62604176105402,9.548682760099007,0.22173207446026577,0.5396864569137724,0.0
61,-0.27781268824189576,0.0974619193167268,0.1550210205930523,-0.13938558905442142,0.0901527178480723,0.17711917832182186,9.672802964694034,0.08836414990895047,0.12795966703464948,0.0
62,-0.26335160141007935,0.1032739384547332,0.14240125618077723,-0.26950756428102496,0.09923903264683268,0.16290873698791708,9.635544364029737,0.05522725769530368,0.09029266832966777,0.0
63,-0.7393276486011289,0.10826433336573982,0.23027852556007775,-0.8623365899510013,0.1374620722544843,0.2846478123030971,9.542272197908433,0.055834946757475024,0.07673111492754153,0.0
64,-1.0804017272131101,0.21196367747916345,0.34949867419312913,-1.0067854689905145,0.18172259484994413,0.24818752613871806,9.837106490825967,0.11584831215138536,0.1962458618448829,0.0
65,-0.3223940348934536,0.43804171074789444,0.6106729029077617,-0.4542086425357495,0.25887933817812225,0.36326635729749807,9.987709794473327,0.1593810902633166,0.35958785753128975,0.0
66,0.4530058225470834,0.3230373721893025,0.5857205670448185,0.21504725866823018,0.39343693182777256,0.5464635542841686,9.845054335747625,0.34690899901599437,0.5044951322310626,0.0
67,0.87566201539658,0.38108093372403573,1.0962635096552122,0.06300285342705823,0.7876208915715202,1.1838783145208374,9.550981841072081,0.5004525336309191,0.7162111614967809,0.0
68,-0.32937737021885993,2.4428898531131606,3.5573798834499666,-0.07678740878415068,0.9021261008366839,1.252428605547176,9.665412866618885,0.8610552191872758,1.3716297666098711,4.0
69,-1.6026315771402448,1.5081450174150446,1.9505733068778994,0.5918726331694657,0.5189034423470514,1.1786699520630917,9.56496023318531,1.0024842016891604,1.3940845282141512,4.0
70,1.1203894456793413,2.424842457234427,3.583872005313845,-0.7059823569046361,0.7231164287164038,1.138369564172229,9.829553597519764,0.6230776618391083,1.4064884680495264,4.0
71,-2.6974064540628295,1.6757373741201445,3.3628822136914422,0.8409504772903182,1.3909092688208577,2.0290859156130656,9.498319311732814,0.8477696602818359,1.605493251096016,4.0
72,-0.015344121998646381,1.0642872096712512,1.6364051008224787,0.05020319092622263,0.9211232839404577,1.1709048476891915,9.728867332237852,0.6881732070349544,1.4447084249618258,4.0
73,-0.16587967124456926,0.48517666066435566,0.7463715971268016,0.27260352584971115,0.3777279769927744,0.636921246372779,9.615790867483218,0.7113708165713275,0.9136606346793028,0.0
74,-0.2312950724570177,0.4791720787485785,0.674207389926748,-0.14670902453320842,0.40429297603846054,0.5856752121405899,9.552433526298705,0.34834239667617517,0.6666072164938353,0.0
75,0.03893874711933489,0.4772539056966902,0.8651711582836272,-0.12423543143439295,0.673615529697897,0.8618290233361491,9.62364589990269,0.6310456626954482,1.2137840495360996,0.0
76,0.7895964851904281,0.618648588119939,1.6833048486344355,-0.3579215321755497,0.5587662479720645,1.025143290793558,9.613329060841508,0.31171351730880215,0.7531991572371357,0.0
77,-1.241810596839377,4.32413790575094,4.534158969074426,0.2447590442840168,0.9209401661430752,1.6894081093107403,9.634862208585234,0.5752040426019862,1.5777637477232827,4.0
78,-0.3157245827933037,1.210692135146095,4.062503885415055,0.16874676472216488,1.4679508384099478,3.8214796785385285,9.453914237423465,0.8931907565446631,2.081478186913006,4.0
79,-0.011830877184178164,0.27221806637763457,0.45345987853229214,-0.13946674538946927,0.42206089419494786,0.5699284145505206,9.628466167805492,0.34671369961319254,0.5240269980829234,0.0
80,-0.08903096074380404,0.37424722975910707,0.5982252187609499,-0.09436475192520505,0.2611874281848001,0.3943584845632934,9.684700876220942,0.36462838588683866,0.5190108929091183,0.0
81,-0.13556105117405312,0.4944961686688679,1.0131502493904845,-0.006383413840260905,0.6909864049594905,1.182092520917432,9.506761372342822,0.5321962871837211,0.9390422046188212,0.0
82,-0.09040499340083619,0.6189036729118241,1.0558952556140908,0.12527358841114197,0.7979672399505131,1.210178860824079,9.717093601656575,0.7038485223803068,1.0067106791900804,0.0
83,2.7394405542522,0.4206113591637788,1.1834193259535695,-1.8078241935319865,0.47190390548432504,0.7791689434046047,10.977960576189489,0.44867487327898736,0.9584002830927858,6.0
84,-1.472661275781054,1.796793431375475,2.6644580615843565,0.8586539751077805,0.8561260835993849,1.3547554419843681,10.075461367863307,0.8131841736731289,1.7656156080388496,6.0
85,-0.5679761366876093,0.7595909479445924,2.776742842478264,0.379425023171538,0.3132335460804503,1.8048568226157562,9.932234190355748,0.3756519130200209,1.1775833721017566,6.0
86,0.6419678406220983,0.810651883175367,1.1316609566976337,-0.04856528593267651,0.434685037198271,0.6150526782697245,11.441128594049644,0.6073059219241888,0.9299421784198236,6.0
87,-1.2134178849241288,0.23809198016986288,0.5729427882305865,0.6319102171664395,0.28045919884538506,0.34880220529911365,10.704120888682617,0.15968562183051027,0.3958085110313499,6.0
88,-3.7553413106590643,0.5051460910053667,0.7676016965769419,1.9564140871334197,0.15705966328065468,0.2516764682139236,8.625816158989165,0.25117919540314926,0.4078720331203655,6.0
89,0.5851298377996084,0.8800552116554288,2.130023619632015,-0.3756026508177157,0.9375150309600659,1.4144773882143937,10.42286097601179,0.8286593281005059,0.944370358281744,6.0
90,-0.6856178742031793,1.0224043049951037,1.5877520994206569,0.41449259334861616,0.6158610827330673,0.9125400421593182,10.374159730455078,0.5200345431064299,0.8545877176259725,6.0
91,-2.2215101252631784,0.3321954095818913,2.514851549556567,1.5347087617367876,0.15736738454332233,1.5529300309987817,9.084325269310732,0.15335352927781187,0.7318607759206909,6.0
92,1.7956669615230447,0.824597354683725,0.9643530126727616,-0.8919094089609918,0.49674527544033964,0.5745848129425571,10.962707911553242,0.2296919788321441,0.37688622280569517,6.0
93,-2.549086581967064,1.558631792871676,1.7180755111346544,1.2126653629019666,0.7576235986283173,0.8205821083323396,9.364962370071321,0.9471378763573988,0.9625937347460665,6.0
94,-0.29279604114387264,0.11765244156603061,1.1183146258034624,1.1974449941098446,0.16975339121573374,0.24055311167010598,9.679592697504686,0.10941429694809646,0.316303498236514,0.0
95,0.09840778327884013,0.15971697508966926,0.24067227079352269,0.39425661726555383,0.573301874709486,0.6441990736072702,9.84223870668531,0.11974080233573225,0.1712804180969392,0.0
96,0.2099471131954953,0.19266962821858694,0.30300296983698416,0.03090223329207686,0.3882911874023156,0.42595170958296164,9.775400326451273,0.164392540784827,0.30259877180805356,0.0
97,1.1143707916151262,0.9135406106000628,1.3192014721676482,-0.789322436007951,0.7356078575949082,0.9579007339294325,9.729206771242898,0.25709806884746733,0.6649098923170799,0.0
98,0.9079709033235425,0.6785522064140643,1.167712642284604,-0.5468813033144699,0.4704456163660961,0.9670924703740758,10.001189969078062,0.25154575785074673,0.779648655937789,0.0
99,-0.6057407256655856,0.3376575069527371,0.9397041019411402,0.1540443473465457,0.5053714936620173,1.0710022491001927,9.586970667277303,0.21314475333638772,0.8448951594549102,0.0
100,-0.680476279029183,0.5394356413752156,0.8235471155999999,-0.05790905388284742,0.5593811599351053,0.7786860697354662,9.512270682384543,0.20285765035975345,0.49923421426199593,0.0
101,0.2985387270073522,0.4915688964309268,0.7988398438292612,-1.0619210592479047,1.0605959513422256,1.1964689965686517,9.735860617134016,0.27305104864674945,0.4594845716223682,0.0
102,2.317682036275756,0.41065520305879666,0.7538441407203599,-1.259947060095019,0.6212171983712942,0.9765912133283237,10.337765448439121,0.3008343698703779,0.4676517769666892,1.0
103,1.0180462039384675,1.8274797476271685,2.1762526176411745,-1.1345559411090698,1.1155130094397891,1.3660345611285414,11.337163111667502,1.5303582489963468,1.91215731981806,1.0
104,-2.232990301961772,0.8696766418685868,1.1254288733426852,0.5873424898535591,1.9700388862071225,2.173316817820793,9.80787324849423,0.900049280668834,1.1218195015356955,1.0
105,-0.9817435310253623,0.7423961450034595,1.2085019628354872,1.6202303793579662,0.8194388032813656,1.0060437956389403,9.384305022018065,0.29286609234508987,0.36510461060506333,1.0
106,0.4030206377312336,0.15791927200633474,0.2300480814635031,0.47884128348620647,0.26085417131415717,0.3786113392509659,9.660779001133838,0.1419291860053633,0.2142675325267763,0.0
107,0.24288117189627367,0.18969067856913416,0.23666909007388123,0.1942723025911726,0.2801755846573295,0.4195377286437882,9.651820880919104,0.11148707452022322,0.2406543174397387,0.0
108,0.08652564184345948,0.25198600063881615,0.3724695450849881,0.3599600736733663,0.2345730519804583,0.4068859058021838,9.71196902787769,0.17056929216246264,0.2773855088510229,0.0
109,1.4107784290511975,0.9297582046930959,1.556917357130321,2.0426934693989267,1.2436813820692254,1.4266872676939701,10.953462471907965,0.5112711570312518,0.8461693773562103,6.0
110,-2.154077353625259,0.2309480313008847,0.7157848038070805,-2.670416301707381,0.48791926933803276,0.9555186610024956,8.966202444266399,0.33599203912284636,0.7840001112135605,6.0
111,0.7704929395281173,1.6814554718754675,2.1356611893824473,-0.38483988469423225,0.9549968686048604,1.4631635461198,9.624390307635874,0.35292100874406973,0.5196702250260499,5.0
112,0.8469836916743965,0.4583320952629524,0.7765621791167415,0.30576680830891567,0.4068246833623874,0.7354257367534602,10.092169923836874,0.41130804206962335,0.6161974543732264,5.0
113,-0.03369564365197499,0.5963935404975373,1.0657023046601266,0.0609908636307976,0.7089946633834376,1.0150453651996938,10.030043293016329,0.395400466234058,0.6220051799481264,5.0
114,-0.5060457253492757,0.5587330057337201,0.7752663684407076,-0.3145338124323829,0.4370833395989568,0.737334282168404,9.733899802033376,0.31710676013204697,0.501462703097678,5.0
115,2.5784604249533434,0.43909681886804197,0.8897332950432763,-0.7333962486860948,0.5062991643533161,0.7216761780636494,10.31551932487751,0.392425427916014,0.5688544987698847,1.0
116,0.9137170998272608,1.5036755408518223,1.8959775416460036,-1.2490014360639767,1.0608970491308298,1.4412257808083613,11.267358795591438,1.017051530449602,1.693972881019776,1.0
117,-2.2446536766829848,1.2071211523233962,1.263413162573911,0.4994738398782549,2.3714770834904444,2.3619182786395774,9.815008267789116,0.9421748367105511,1.2238265267109028,1.0
118,-0.10063237733086039,0.5467487850056783,1.102305958403658,0.5254466890624994,0.4752008374676332,1.0066477493600123,9.9538273075638,0.7315857624645057,0.9361684212787373,5.0
119,-0.23642063853125658,0.5235937691002248,0.6267698263412783,-0.21006638742748077,0.6154952501065871,0.8167672105360763,10.036150080469595,0.3881119664353294,0.5630276078616724,5.0
120,-0.3134227763416856,0.9303472322472448,1.4957970417621365,-0.1472261659578578,0.40580150372420576,0.796358867975426,10.140244138909432,0.5578376573286379,1.2055267190068255,5.0
121,-0.21522581832451554,0.5309785611100297,0.7426913217088534,-0.2595331077161327,0.5315404867013722,0.8501430952451529,9.809654409815556,0.36529792140137385,0.7897181211978531,5.0
122,-0.030425394855874935,0.4342080181943917,0.9347406847240869,-0.1675672080285718,0.6450665206066049,0.9049655820780537,9.97588572158218,0.7879150872104415,0.9461082066539869,5.0
123,1.6289205778507132,0.9867008215893529,1.1037632139687286,0.7458733176780638,0.4209368339978664,0.6371775926883952,10.060363142065647,0.3776518234131352,0.5541987892146809,5.0
124,-0.2361520966771508,0.6810588256315171,1.0286279121158648,-0.11836336388221574,0.5561417012926544,0.7688980192703441,9.922085438008327,0.4326446294285642,0.5785370950615935,5.0
125,-0.8174454223769259,1.3291435118122004,1.4934874385232333,0.7189834225680838,1.808442282285652,1.9056843327526904,9.505098684033493,0.48768112897798677,0.7189303981708427,5.0
126,0.07864554294569896,0.8494780531178385,1.5863329010848553,0.7177264287929566,0.784603574782552,1.5645364820416892,10.15586118401719,1.0520580298062638,1.7523880440977837,5.0
127,0.07644404438646608,1.353860341748178,2.0258666894783564,-1.6409237148890758,0.9018338145371914,1.538323747637087,9.390603271704453,1.1367837289128984,1.8221525988111282,5.0
128,1.5482205732257208,1.0100632752155922,1.3567160012479826,-0.4456610135322459,0.9021990043171355,1.0202190926927683,9.70149185586366,0.3545205882318889,0.5198069885672912,2.0
129,2.586291257940802,1.0170144284593827,1.2395734870638133,0.7620105214053338,0.5805685938811977,0.9337543976546293,10.5435502589516,0.5760308091878681,0.8585837037470087,2.0
130,-0.7949093480293626,0.9893657648707368,1.4858073016958104,1.123821449020144,1.0904256446361953,1.5896486691226062,11.648876965913066,1.2915874834123242,2.139108816986084,2.0
131,-0.25279781527086476,0.6623064802708865,0.9302539089082479,-2.6230414519407996,0.9650320520437046,1.548900803529318,9.527440441616555,0.6736993020716335,1.0907795543348806,2.0
132,0.46759636549844247,0.4803679086669357,0.611465596676241,-2.4352887652725346,0.9541476651830643,1.0225375134311898,9.31103271491447,0.5105528372826056,0.6902710284825802,2.0
133,2.8537736024733737,0.8387770907425265,1.210663130649112,-0.7944105894977972,0.5823132895729266,1.2206180333277765,10.393909913625844,0.39555095309469923,0.6551602551379698,2.0
134,0.5392401276217038,1.382640749232495,2.0280320790813247,1.4263965287568816,1.1022284440866947,1.496510829112848,11.563795468486903,1.0060160644903569,2.4080032134442186,2.0
135,-1.5424488748306013,0.8159729559516187,1.2054616984276105,-0.7907220231709935,1.3707327612745877,2.1502831652827363,10.479525562247733,1.0452447395273596,1.489096233294541,2.0
136,1.374044122980648,0.6580814079046831,1.0760572132450323,-2.052682071524903,1.6500696445285605,2.6131382289498135,9.141287870536186,0.5919824008495089,0.9630207160726139,2.0
137,0.9018787618265969,0.6574582163950264,0.9744233902626208,0.6405052077533313,0.47914798808743697,0.7548393464868529,10.08993887565618,0.6395904703666879,0.9358913453892292,5.0
138,0.010537517987745151,1.310531087306293,1.8586370088760313,-0.009391923029614255,0.6904580447148438,1.0237949036146603,9.760586085351713,0.8250467218807698,1.2936820826286102,5.0
139,-0.9901256951606777,1.2437581178877783,1.8341476159066352,-0.36079375230052213,0.729801307386238,0.9140148978802951,9.575273322251654,0.6687963956862584,1.1043258797434943,5.0
140,1.4937785833162815,0.8576728281082309,1.3208944439158374,0.6521361633932022,0.4825106400812338,0.8510250243032506,10.042259729627993,0.5458727028516499,0.9834001888820012,5.0
141,-0.05630802877140335,0.6828035680750975,1.3840512068424569,-0.013952288686257041,0.39700419335086323,0.9550276662459884,9.95449481440165,0.5052650049619736,1.1132600795923853,5.0
142,-0.9282089443215858,0.8860598957485913,1.2749906336047618,-0.5559194308662058,1.1183458796298744,1.364786786474379,9.70948639877573,0.5129122688879786,0.7984740312008454,5.0
143,-0.6740885518623767,0.7960169571494653,1.2773950664508802,1.0120945454425792,1.0313497720375722,1.4704312836249636,9.946192064685414,0.5955690176677138,0.8873890220248754,0.0
144,0.5727228829315557,0.6405555929980262,1.0307914496694408,-1.232726354361557,0.7523644809529717,1.4381557675024847,9.772490490005096,0.6963965799407044,0.9318234994238795,0.0
145,0.41063789034153814,0.5978642803608647,0.9146455899184678,-0.9070802220344993,0.6774650383785623,0.8285001879530602,9.492816033243413,0.3851327997918368,0.6373903233299845,0.0
146,0.12339193458319567,1.0766070573373607,1.8252360882052892,-0.5681692108250069,0.8221051228357368,1.2513724232347043,10.041934440326662,1.2354055798988526,2.1030541332150645,0.0
147,-1.103875634543546,0.7908642552387137,1.6300789044259836,-0.021502394285592984,0.9681811385092041,1.5170970894399955,9.489299846476328,1.1012447782927772,2.137477473667256,0.0
148,-1.182948211153102,0.9012328292296359,1.2862197885114026,0.4670884178857795,0.6184393854416514,0.9076231147874562,9.573946626855161,0.8320526594080366,1.2449486564602426,0.0
149,-0.1594677246176836,0.4189708824120739,1.3135564091721972,-0.339840484135953,0.4916023164704466,1.0274382898380945,9.622801314531266,0.16660701468109274,1.5675704235876724,0.0
150,-0.4786548321482415,0.17613377427844235,0.2708949863444159,-0.7041545057523596,0.17530285114245814,0.263035232204041,10.034113340390263,0.13795222226982773,0.18253729459817492,0.0
151,0.18356709270702457,0.25786468880353186,0.3459948325835276,-0.17324630963224044,0.19133170845074113,0.35785471558922594,9.977197221370695,0.20552642404577792,0.2771545452679564,0.0
152,0.43564211345560166,0.2954093612862066,0.4685875123934359,0.10782509206741013,0.29663835668822536,0.38217418748455056,9.886106703480824,0.14630456155067773,0.26721532356234623,0.0
153,1.0647302857824565,0.5437857772204362,0.93176457232819,-0.12297115885880917,0.39682425956410583,0.7436737443473428,9.851279501366301,0.1561787620430506,0.24475196364316693,0.0
154,3.237406919594315,0.828061963979573,1.354859426443777,1.1834718097136163,0.979884649037988,1.3839718173709614,10.844480241144545,0.48713618297338535,0.6189800401734527,2.0
155,-0.7257034019845165,1.33025727618354,1.8171291183745535,1.0925859846275445,0.8974575026776987,1.3969527103191333,11.555274050420993,0.6966214845102883,2.256267922543524,2.0
156,0.12977165301883317,0.6711117357436489,0.869103725100092,-2.85444880831303,1.274648685337735,1.5192348540985852,9.506827921614978,0.8137483151338332,1.0131634618399208,2.0
157,2.459959907672574,0.5458702260063628,1.2619389018860478,-1.0314343813516518,0.966219656584035,1.42102433388488,10.164423741898704,0.49173215715470153,0.8119358627969572,1.0
158,1.2763369204328812,1.4957898259845375,2.0115416553670338,-1.3305082404973854,1.1708696846772613,1.4588081424048216,11.65486617936154,1.208334080965515,2.1576295174706908,1.0
159,-2.1539926858187255,0.7174102388709329,1.013507083441077,0.46822527523178226,1.7027240702801674,1.9402968014688402,9.978590389184593,0.6893039884002299,0.9536086390814873,1.0
160,-0.11405061986894431,1.49213455292767,1.543257038979702,0.4571849223869159,0.8402935494567698,1.1666693035183722,9.563268841714482,0.24222527447318765,0.4356746204731241,2.0
161,2.8123979925338602,0.5932685553141173,0.7808910386339928,-0.449350729620419,1.0305058615269491,1.147204651060907,10.608594641991196,0.3196135434232028,0.45610713862717567,2.0
162,0.14617531390028657,1.1467851394466209,1.5117764137635952,0.8162915605080382,0.8555775755167346,1.4508169730404858,11.34007453556988,1.9487351105275597,2.9117751363210713,2.0
163,-0.6511190018739677,1.0003299452418606,1.210728416227584,-1.7769857679770826,2.0499816784454645,2.353426381060417,10.071197126803385,1.2395163702499694,1.5820305765304437,2.0
164,1.8135113223494375,1.2271104949255713,1.3733359274899566,-1.1619540644671458,0.7798635936602096,1.8973937930772695,9.637900073976418,0.464336285884702,0.6970584391320319,1.0
165,2.416022746614086,1.0983536284384727,2.000332349190584,-1.7440866858155275,0.8611134205448785,1.4004567333362776,11.453572560021296,0.7057879422200912,1.909385524360422,1.0
166,-0.8061707549525664,0.6745405166787677,1.5781693615541668,-1.7245695606808766,0.7149528304335249,1.3779432080325356,11.020127552820743,0.5964713804371691,0.973521784166541,1.0
167,-1.4345114487289694,1.5095713172400815,2.366532773403174,1.6747770390435912,2.1187580431445103,2.180449633210363,9.10456754565375,0.5413054096106773,0.8006548321429531,1.0
168,2.9162093148960535,0.5777077188506841,0.9202199780057885,-0.6566895938723326,0.4122232319386807,0.6452074440101397,10.498730015582048,0.47980401678353424,0.6618623627732678,1.0
169,0.7029825598541946,1.3458678649698044,1.719476341974241,-1.4432548238527514,0.7079612129865289,1.310516083499106,11.754750237177776,0.6088518165582206,1.7398135698097996,1.0
170,-2.4141731279158027,1.1809523586654558,1.452478403900399,1.0845230721792616,1.579558269517534,2.1001927371260334,9.677022083256956,1.2476521583025812,1.3881187457115196,1.0
171,2.637823104554634,0.8325887087944293,1.7674459820352386,-0.6410710488991808,0.3441069415828544,0.7113723768031038,10.153870144660484,0.4652849038832034,0.6175987327088408,2.0
172,0.8917894781577439,1.5510560043889747,2.1504297817005766,1.7399795623608492,0.6442251961354418,1.1011060374225676,11.696830611386055,0.8884159714569684,2.122495791422495,2.0
173,-1.1324974015355875,0.8758845250513332,0.9898843419231717,-0.5284109471805682,0.9863754281685306,1.769798082966346,10.803744187481364,0.9209580838889027,1.2839868792362858,2.0
174,-0.6633541981650376,1.3499952528053765,1.6590012411068673,-1.3619771060337424,1.5344627852268165,3.2535456705419676,9.403303881548759,0.7674121227613622,1.0365185600418634,2.0
175,0.7748321818323853,0.6602820610329961,1.2566065747697757,-1.6709230689543118,1.163630325157328,2.0361939299897527,9.56605860129606,0.4584948609691013,0.7203504607001082,3.0
176,1.5539444104419207,1.4929553330427832,1.7431221537481563,-0.7600302189356988,1.775339987032467,2.2062165460812087,9.660012259401544,0.7919704703997947,1.059017907200328,3.0
177,0.5275494844906855,2.8343268962676778,3.8011899701781857,-0.1545506527791758,0.7443347368238733,0.9797718057591696,9.803161169580438,0.7479592269455271,0.9902291645058039,3.0
178,-1.6036218897093866,2.7270406521663224,3.2441354235943,0.4185981818836393,0.47350436044349953,0.7133563740800626,9.70407443286811,0.3937555431766766,0.4949629553656546,3.0
179,-0.0479779905711133,3.6946919380716845,3.8787351971611055,0.08019616211067966,0.6650426559880703,0.9151838255546971,9.768462261161417,0.7792799913983472,1.120332640044537,3.0
180,-1.168077119957604,0.679658309104779,1.887768356796283,0.1379082052194001,0.39559484382510934,0.4916247942575268,9.664465377382173,0.4032288802851909,0.565309410748578,3.0
181,-0.7977152064825002,1.2670108540516727,1.5748523891826824,0.7185877841118032,2.0751822525872825,2.412951724428953,9.931328547147496,0.51580341516821,0.6463084516693203,3.0
182,1.450767474527453,1.5648653268333703,1.62160967024017,-2.0391454499119503,1.7203269630398381,1.8095558584415161,9.488665199076362,0.5153258333915582,0.5982723534486204,3.0
183,-1.0656242735227146,0.3272193693851453,1.1822409770821911,0.7012751292829713,0.4928137445199849,1.3687090734526093,9.948599847351929,0.381774898869117,0.6225168208794291,3.0
184,1.127635002937189,2.716648030260245,2.9380243507817094,-1.1889617959447485,3.83871720392834,3.9663594117642003,9.664865081054629,0.8873033360020672,1.1016966881664714,3.0
185,0.3061838589767297,0.5723837672208423,1.0901423496931766,-0.4734536015289724,0.5574581962040437,1.1823452184666947,9.516699396095252,0.2941736982633678,0.4895350287239116,3.0
186,1.9963492357270196,0.8245527413269733,1.2656415095304447,2.520595560132486,0.741810654544798,1.2410991582733386,10.028320595663619,0.35994669902943777,0.5348176733147527,6.0
187,-0.5605888675472568,1.419199700148166,1.6166466404227002,-0.7965949228469449,1.8055589083836487,2.325236895197019,9.823366398626773,0.840960917687462,0.922610487429565,6.0
188,0.10515295892178216,0.8727993838386287,2.197056716253197,0.15115631468360746,0.9410468246566954,2.5898353142266686,9.44244898501733,0.16500806384756483,0.5159538343760165,6.0
189,0.9695942625124164,0.6741387364733411,1.2328331682772757,1.333057768218619,0.8341151039927566,1.8480726542505583,10.20405325166518,0.3223276956603973,0.582555534685855,6.0
190,0.262619130303208,0.5371579639855562,2.4952926182629254,0.1536080806979689,0.8331973835181599,2.894297161799815,9.593091414564263,0.3350966669297595,0.5875267865635353,6.0
191,0.6460620041404604,0.7793731210108237,1.178884698795334,1.1902341394054483,1.0919472894847424,1.7744946861176427,10.738841164776114,0.4007118700779069,0.7401332944169562,6.0
192,-1.891801764401724,0.3088912700642501,0.6613727288712329,-3.119470833898737,0.62979338035357,0.829918293933281,9.182070407155997,0.5410144802636552,0.7819078028039811,6.0
193,-0.29766584422070297,0.5573182952399753,0.6378447003872846,-2.6825732995625446,0.958869973136629,1.2371659065560947,10.815011016815976,0.3694258482824093,0.6259485554207398,6.0
194,0.3980664575498912,0.2911788601272316,0.6273419320589668,2.242277772306054,0.7697028055894926,2.560703169532439,9.41585359460358,0.49632681266135226,1.0194171389237083,6.0
195,-0.38179288106532366,0.6499915575410782,0.7698818867313099,-3.621398653685074,1.053856218962069,1.3267345741339154,10.43582641239312,0.4118866317193257,0.6091972577202781,6.0
196,0.2377542554082414,0.18933942271379506,0.41641464636631725,1.823988368776894,1.3309383242379993,2.2621641021070595,9.697139215044931,0.6644559121590072,0.9122229886203662,6.0
197,-0.22951078020097632,0.5784071581403918,0.9531619563067135,-1.7821248040295348,0.9621825259064742,2.9845317954934782,9.527076791489351,0.45973020669362263,0.636442693611378,6.0
198,-0.22399844355728027,0.6428587565565334,0.8725021463297926,-1.6283696613519674,0.47500930681038156,0.6212653340300457,10.519294210551585,0.34659649587481756,0.5180041631330841,6.0
199,0.37833723216511617,0.23095791707361985,0.3416603054381623,2.644329329214321,0.6189941362916791,1.467321325417341,9.378076054053846,0.3961611470690123,0.7395650109756525,6.0
200,-0.16474220142324783,0.42534714674103385,0.7094598426324589,-0.13583470008845683,0.36874268539984983,0.7929811729416748,10.163488951479344,0.4489300158430689,0.5624441207199496,5.0
201,0.32880681505080817,0.5367817931436178,0.9135353893354837,0.3291375269038673,0.5333479028852537,0.8458340439964847,10.279753066255298,0.45759117985738307,0.7833176572695274,5.0
202,0.37729024555686225,1.0805800793465155,1.3667851217812745,0.46181613216654077,0.7815796229858272,1.2535193957799644,9.857286492626029,0.5669506217344056,0.7227435874975229,5.0
203,-0.5869944530548673,0.5457209819142292,0.7359523275976574,-0.6054437205143998,0.3954289064933776,0.6709188563488632,10.266514015631351,0.3225251308147419,0.5845157077169305,5.0
204,0.053944943854355165,0.4524916843086224,0.4976194622383919,0.11103280556591599,0.27233347581801226,0.4631834353817602,10.245313564701608,0.2940384892806911,0.3551673738244221,5.0
205,0.24923279161754272,0.37062388466249796,0.48580718892799046,0.36451110668055897,0.3380375999909757,0.5044670683799313,10.06407397344491,0.2897669332445574,0.42449812323164327,5.0
206,0.28426705751517384,0.7558923471002745,1.2072674162009636,0.19756258346662198,0.8909649368522032,1.015782313584143,9.825459801896196,0.33760106721100147,0.5453777684485734,5.0
207,-0.023830899821836865,0.3924498826691858,0.4916766114824586,0.0717970701718227,0.2889972319108639,0.47467191942344317,10.028834380483815,0.2600049487751219,0.4901806060401616,5.0
208,0.17150806422646162,0.37662006009431265,0.6432339638536133,0.31312695603368784,0.6160602560880584,0.8543572992852677,10.027307151512598,0.3669690734180042,0.5592542645878974,5.0
209,0.3929426032952649,0.36714614722966266,0.6351732708841477,0.5041326006111412,0.4006462541412761,0.6456624273464605,9.718353203733143,0.4283975745131565,0.5670682414687278,5.0
210,0.9140099856891006,0.2926841445794308,0.6414004011865242,0.7515381063406303,0.6598388458399773,0.9065551219248359,9.78713257430706,0.30471131429993203,0.5588270815148386,5.0
211,0.0001351000307861483,0.5543630733125444,0.7859744276617802,0.6295149388420674,0.4142492640520845,0.6150366444392396,10.14343846240876,0.3376069437524407,0.47635632798150296,5.0
212,0.02589592682417287,0.4837243285484156,0.6217636631452387,-0.09202083783117207,0.41032802405803365,0.509938321380301,10.177614810380586,0.24895041672910523,0.4235477825999616,5.0
213,0.04951658545424744,0.4112638896921248,0.6032045369916016,-1.3643847510621498,1.0759896597309488,1.1868316536364265,9.854508215436711,0.48408600474541164,0.6534788596864776,5.0
214,-0.11630539815805932,0.23854786011230456,0.4274304555841988,-0.5078943149787061,1.3385393040662086,1.5127087056936908,9.833668820758657,0.5526287985872509,0.6519025053350347,5.0
215,-0.019092953906616028,0.41292504377617156,0.5204905045826382,0.1883137289600433,0.5121473475785083,0.7277993912300152,10.22915979327185,0.42506154421442854,0.5728714449599696,5.0
216,-0.07355281489480887,0.362277215590805,0.5328522102477588,-0.41351265526319864,0.3317865985637869,0.45748929463242294,10.139349797403318,0.29547390361493076,0.4466480500930871,5.0
217,0.019090191476305484,0.5048512338132033,0.6922835716398249,-0.4129895230173417,0.48565266565095166,0.795284318697217,10.043826429520657,0.3538642464255286,0.5239232470891556,5.0
218,-0.015026502346557755,0.5863562367392872,0.76541198293822,-1.2606373753150617,0.7060665479081992,1.030533312601865,9.956714941106425,0.5330171501113341,0.7904045076855694,5.0
219,-0.014236964100755433,0.3156460760931722,0.477203690193853,-0.8148438397369526,1.5911312729576217,1.843274589928376,9.740421268183738,0.5305426009260588,0.7068743333153835,5.0
220,-0.01606480763232951,0.20024541413010727,0.27658654831441726,0.028439943655191317,0.5202186018721626,0.7505278604336719,10.313310273146318,0.3015990544451066,0.47243368889636883,5.0
221,-0.09640224623859214,0.25356461807170366,0.33241255646801776,-0.507651173633152,0.32730875686779287,0.49570246815780056,10.140325776511338,0.2542847865686513,0.31018383380799835,5.0
222,0.01799775990140028,0.35806636722842355,0.5049291560657747,-0.6046944015099899,0.32375782700264816,0.5447194429409861,10.192106800226158,0.28373681058642397,0.40285754755937153,5.0
223,-0.051988613504886524,0.5328271755827352,0.829681301080735,-1.7516420949388332,0.8557921666081987,1.2494276641947948,9.491964748021557,0.8109944369558244,1.1386661755588807,5.0
224,-0.3241339297578045,0.8770063161930453,0.9106718855534385,-1.7302508839898756,0.5583094901519683,0.7649122606407465,9.600880103136246,0.46790119476836356,0.7153996570457631,5.0
